date,y_true,y_pred
2015-01-02,0.015596502139130424,0.0
2015-01-05,0.01959433192250041,0.0
2015-01-06,0.020640567322023153,0.0
2015-01-07,0.0006149181169616856,0.0
2015-01-08,-0.012806298756635488,0.0
2015-01-09,0.00325269336738527,0.0
2015-01-12,0.010362830410666943,0.0
2015-01-13,0.015406717126597101,0.0
2015-01-14,0.028483894587553554,0.0
2015-01-15,0.015630084508763954,0.0
2015-01-16,0.007683035377095666,0.0
2015-01-20,-0.007914792764978345,0.0
2015-01-21,-0.024436174032517556,0.0
2015-01-22,-0.026436764127756304,0.0
2015-01-23,-0.03338082089800989,0.0
2015-01-26,-0.021580669665761918,0.0
2015-01-27,-0.001223269711991988,0.0
2015-01-28,0.010866382640251537,0.0
2015-01-29,0.007943811606694799,0.0
2015-01-30,0.021630243556741067,0.0
2015-02-02,0.0022612941965255207,0.0
2015-02-03,0.005086998408521905,0.0
2015-02-04,0.009336359277697355,0.0
2015-02-05,0.008887124230078617,0.0
2015-02-06,0.008724825692025309,0.0
2015-02-09,0.016495589717107875,0.0
2015-02-10,0.010297886570693963,0.0
2015-02-11,-0.0008084259918345028,0.0
2015-02-12,-0.002617560554473139,0.0
2015-02-13,0.004836802545422329,0.0
2015-02-17,0.008046744952497275,0.0
2015-02-18,-0.000803800297419568,0.0
2015-02-19,0.0070515510729699735,0.0
2015-02-20,0.008232148900994565,0.0
2015-02-23,0.007211505514086981,0.0
2015-02-24,0.0,0.0
2015-02-25,-0.0036253876494602593,0.0
2015-02-26,-0.0016074311341133444,0.0
2015-02-27,-0.025312681678145148,0.0
2015-03-02,-0.021588646868077876,0.0
2015-03-03,-0.03216885668076209,0.0
2015-03-04,-0.03281677340068753,0.0
2015-03-05,-0.0217510293020874,0.0
2015-03-06,-0.009892899244538856,0.0
2015-03-09,-0.0032686413402688293,0.0
2015-03-10,0.00392356976689002,0.0
2015-03-11,0.018387036182865815,0.0
2015-03-12,-0.0006166878397636181,0.0
2015-03-13,0.013577659008313543,0.0
2015-03-16,0.0030646980124634463,0.0
2015-03-17,0.004523989123826718,0.0
2015-03-18,-0.004719400333447087,0.0
2015-03-19,-0.0045342455802039805,0.0
2015-03-20,-0.004710700930836758,0.0
2015-03-23,0.0036652515668911365,0.0
2015-03-24,0.0,0.0
2015-03-25,0.0036953503057582187,0.0
2015-03-26,0.014763467121535794,0.0
2015-03-27,0.016492308597375407,0.0
2015-03-30,0.0018276002864263787,0.0
2015-03-31,0.012842848001654963,0.0009912302491593705
2015-04-01,0.014444338246663658,0.0009912302491593705
2015-04-02,0.00952093504604618,0.0009912302491593705
2015-04-06,-0.0030337069844898405,0.0009912302491593705
2015-04-07,0.0038472989812098853,0.0009912302491593705
2015-04-08,-0.0006078164420763526,0.0009912302491593705
2015-04-09,0.0002020021485967792,0.0009912302491593705
2015-04-10,-0.01094673614477955,0.0009912302491593705
2015-04-13,-0.002839746164227491,0.0009912302491593705
2015-04-14,-0.003238866164322534,0.0009912302491593705
2015-04-15,0.00020262076616752033,0.00201905505242757
2015-04-16,-0.0068895946270278435,0.00201905505242757
2015-04-17,0.0026462560667405094,0.00201905505242757
2015-04-20,-0.006316911082240921,0.00201905505242757
2015-04-21,-0.007121781466679423,0.00201905505242757
2015-04-22,-0.016755596696411267,0.00201905505242757
2015-04-23,-0.016607278240621057,0.00201905505242757
2015-04-24,-0.0077550848546550245,0.00201905505242757
2015-04-27,-0.0008179366742741092,0.00201905505242757
2015-04-28,-0.009850264909836018,0.00201905505242757
2015-04-29,0.0022640868460183966,-0.002753070077612819
2015-04-30,0.008030505437335382,-0.003139392403216096
2015-05-01,0.0073484061500820545,-0.0034897208117067825
2015-05-04,0.0018395539266718652,-0.003906723344766935
2015-05-05,0.007601452589479561,-0.003201229037661892
2015-05-06,0.004103427257178835,-0.00444060591675446
2015-05-07,0.01687893338798843,-0.0032358574370818095
2015-05-08,0.01172681942001997,-0.005141215046296643
2015-05-11,0.012581312936235444,-0.003707488166395874
2015-05-12,0.012205165261370395,-0.0024430642085963095
2015-05-13,0.010388082593213957,0.005040952380443887
2015-05-14,-0.0026249599952214986,-8.201851661904091e-05
2015-05-15,-0.010101095986503933,-0.0018854852136798196
2015-05-18,-0.014830125256591992,-0.0011162816404102825
2015-05-19,-0.0058805993982284244,0.0009591391681142216
2015-05-20,-0.00507873123644714,0.000615451864946282
2015-05-21,-0.0136388509904131,-0.0019887809719819523
2015-05-22,-0.00938397502570075,0.00042281065678957
2015-05-26,-0.004101744101860273,0.0005193098811772457
2015-05-27,-0.011042997804765982,0.00037119111067228047
2015-05-28,-0.016841632778006682,-0.007085722301033354
2015-05-29,-0.024902734253076445,-0.004858256690541458
2015-06-01,-0.02532308856350618,-0.004167769201501104
2015-06-02,-0.017831710683245634,-0.004624796161201807
2015-06-03,-0.00743038722401525,-0.00496106285239576
2015-06-04,-0.0006215431605094268,0.001326298111182867
2015-06-05,0.00982760054351318,0.005185196614386873
2015-06-08,0.002938696309702065,0.00498742986775195
2015-06-09,0.008955601053282587,0.004787739516521349
2015-06-10,0.00454736657615975,0.0051312089582847
2015-06-11,0.01603650298108106,-0.0011907196848057367
2015-06-12,0.012407075336745513,0.003073024278498486
2015-06-15,0.023613346914191872,0.003657488020197557
2015-06-16,0.008465000519948883,0.004171273869796417
2015-06-17,-0.0014447120381304581,0.004820003822931397
2015-06-18,-0.01437980702258104,-0.00033591338332752594
2015-06-19,-0.0047378715030627,0.005570369263906426
2015-06-22,-0.024242318095191888,0.004737091859828893
2015-06-23,-0.021613495928470942,-0.0017084436479736242
2015-06-24,-0.004346464266702365,0.004082829507174851
2015-06-25,-0.00331614111371178,0.00037477661870794485
2015-06-26,-0.006213757209202287,-0.00216511946388067
2015-06-29,0.029754232936276707,0.0010263821528702702
2015-06-30,0.020173320893343543,0.0019629137644656585
2015-07-01,0.008262834186327232,0.0015170481659806544
2015-07-02,0.020750660363545656,-0.006428701144064646
2015-07-06,0.030891242533532846,-0.005430039660120555
2015-07-07,0.01214102910019143,-0.003546736854571628
2015-07-08,0.02078315350359372,-0.004754768467749318
2015-07-09,0.03019169402069931,-0.0046160984433885
2015-07-10,0.01793497725354193,0.0017529821425162125
2015-07-13,0.01042094524179471,0.0017333257459943364
2015-07-14,0.006415412700559118,0.0034281948947449846
2015-07-15,0.011229341256211603,0.0022602578894900206
2015-07-16,-0.002798310701984098,0.0025652385309057443
2015-07-17,-0.007819576478817671,0.002443502208160664
2015-07-20,-0.01021947205875367,0.0011536084390963688
2015-07-21,0.0033914879180294106,0.002346678197051748
2015-07-22,0.004575747291396463,0.001075598856204917
2015-07-23,0.004991524880480112,0.0023232204950251255
2015-07-24,0.012601448031755199,0.0010644946494102136
2015-07-27,0.014595870901751498,0.002031889501519394
2015-07-28,0.0033801003129898277,0.0005656284615698346
2015-07-29,0.008695679761345351,0.0003768171924856064
2015-07-30,0.004570292057839256,0.0019659138286364014
2015-07-31,-0.0029859985171664122,0.001238379667356822
2015-08-03,-0.0005957032665088973,0.0010683279450322382
2015-08-04,-0.0041770901264826235,-0.002189252898830578
2015-08-05,-0.012274929991304502,-0.0022486703093732613
2015-08-06,-0.008761478442342908,-0.001162580940402923
2015-08-07,0.0,-0.00282338632342261
2015-08-10,-0.0027843970464810535,-0.0028206926691778204
2015-08-11,-0.004194535066987297,-0.0022137200296691315
2015-08-12,-0.014042372321035862,-0.0024482475648580377
2015-08-13,-0.019182834971095217,-0.002379300906472639
2015-08-14,-0.05007689294404883,-0.0018313894957727415
2015-08-17,-0.08648644567896599,-0.003940202412888889
2015-08-18,-0.08912435233749325,-0.0027084004702858794
2015-08-19,-0.05076181975875991,0.0011823038722114823
2015-08-20,-0.02707051438786719,0.0019408006511790173
2015-08-21,-0.0014682686632394072,0.011709192461324344
2015-08-24,0.02699397253687242,0.009330231714918319
2015-08-25,0.013907207702343712,0.008914612616098423
2015-08-26,-0.0017017237879857344,0.008560214316631936
2015-08-27,-0.009470780053548516,0.008956310810313685
2015-08-28,-0.023790394184742252,0.007988352443701103
2015-08-31,0.003797479234057714,0.00760489444790572
2015-09-01,0.007952732616753496,0.00943475349249442
2015-09-02,-0.003839601583043273,0.011424990579442972
2015-09-03,-0.0040259073898432215,0.010235218295212487
2015-09-04,0.00920088441370202,0.002264796681898804
2015-09-08,0.0004209819655100705,-0.001217603628817124
2015-09-09,0.028283864624495402,-0.0028026053814895874
2015-09-10,0.02657259509341341,0.0016695844621963786
2015-09-11,0.0019090080111898585,0.0003425287792004863
2015-09-14,0.012488259285776779,0.002011168281484592
2015-09-15,-0.010367127022690594,0.00311446678995926
2015-09-16,-0.019969150912477272,-0.0013692032322698033
2015-09-17,-0.018272039090410724,-0.0011369806861834708
2015-09-18,0.00612658346329635,0.001435549936492782
2015-09-21,-0.016115746128609266,0.001573365901261098
2015-09-22,-0.005544952138921178,0.006419355674124407
2015-09-23,0.0019090080111898585,0.001698362814718232
2015-09-24,0.00021189618912309839,-0.0009323385464411891
2015-09-25,0.0075535527316445954,0.004672011608606532
2015-09-28,0.039401599158098384,0.006289952085869553
2015-09-29,0.03302442303498283,0.005965977755653208
2015-09-30,0.032933402471152916,0.007041625899999319
2015-10-01,0.04475575832297653,0.0050311624991928585
2015-10-02,0.03330213075088758,0.0016633864121284024
2015-10-05,0.01893186935845218,0.004459855187429688
2015-10-06,0.019668715548093216,0.011851763602969096
2015-10-07,-0.001025730651010376,0.008635636738212318
2015-10-08,-0.0038574533660273714,0.0049893625939245135
2015-10-09,0.0034312675381033904,0.001660605924317508
2015-10-12,0.005229262220408853,0.0022383194177183745
2015-10-13,0.01069526441687838,0.0071120376165128745
2015-10-14,0.022527600582218612,0.012963769207923774
2015-10-15,0.033209690293054164,0.010906064370979764
2015-10-16,0.022119076129977377,0.001899172981893
2015-10-19,0.015723299984724264,0.003622804810229163
2015-10-20,0.0177066080442832,0.003990811760443571
2015-10-21,0.011770636404391209,0.002700411839630689
2015-10-22,-0.007505488016495994,0.0029029596066403496
2015-10-23,-0.017094445025357768,0.003046409636036023
2015-10-26,-0.009125218763266682,0.0018490110167247303
2015-10-27,-0.015300854399942138,0.003118941197378437
2015-10-28,-0.013779521922067236,0.0034324074953480366
2015-10-29,-0.014377192676427663,0.004485285443066678
2015-10-30,-0.01413309923220425,0.006230681207781902
2015-11-02,-0.026862199767113043,-0.011241953625740793
2015-11-03,-0.019410215174716708,-0.013779585892611775
2015-11-04,-0.01662649209016972,-0.012832744207889255
2015-11-05,-0.030011463409066345,-0.02006146074069006
2015-11-06,-0.027833947018567184,-0.009248728443593061
2015-11-09,-0.004102507256354045,-0.006464368489190349
2015-11-10,-0.007171395798275408,-0.015884581887528216
2015-11-11,0.007942194141702058,-0.014965435037207429
2015-11-12,0.024161705707770976,-0.007691687787271501
2015-11-13,0.02579856117550116,-0.006240189374777879
2015-11-16,0.017522795475328874,-0.012461027389248265
2015-11-17,0.02055630166103134,-0.002375372530051264
2015-11-18,0.009488336494846117,-0.010569588150927858
2015-11-19,0.010665133439403725,-0.012035096742562468
2015-11-20,0.00690350635931668,-0.010314981420540574
2015-11-23,0.006643242068992748,-0.012841621943729292
2015-11-24,-0.001007744462815538,-0.008246689321932635
2015-11-25,-0.008879949703917455,-0.0055874388392811655
2015-11-27,0.009561816938319253,-0.009725921977974656
2015-11-30,0.02320111393339933,-0.007638637200597399
2015-12-01,0.01216488438155029,0.0026301171550260944
2015-12-02,0.0076336462068014675,0.0027286289324885524
2015-12-03,0.01409034873656297,0.00153273828782475
2015-12-04,-0.019215945597690784,0.00204348002801447
2015-12-07,-0.012133427658145592,0.0016739563299947014
2015-12-08,-0.0031764935334714453,0.0019842193075043538
2015-12-09,0.025487838406908946,0.004449824901705061
2015-12-10,0.011328745037019217,0.003030203593554865
2015-12-11,-0.002833424079007664,0.00109213944031873
2015-12-14,-0.0014018164486249672,0.0010450026969818307
2015-12-15,0.00515666198488026,0.0028882460109513363
2015-12-16,-0.006654950461976887,0.0015778362755108335
2015-12-17,0.005321791700005903,0.00045131060309488535
2015-12-18,0.02916122537215253,0.0018028974188309108
2015-12-21,0.026499476449288017,0.0021341252094077925
2015-12-22,0.010038508335258555,0.0013626949779941165
2015-12-23,-0.00848040761539213,0.0007705168370631183
2015-12-24,-0.020254872039275257,0.0015274219403775767
2015-12-28,-0.012479137566785925,0.0018791219715130257
2015-12-29,-0.024497504357350174,0.0018697348770991174
2015-12-30,-0.03305098362685701,9.189398927868555e-05
2015-12-31,-0.029546942676102306,-0.0001547193994756174
2016-01-04,-0.0074499275256423945,0.003052957569836606
2016-01-05,-0.00840673839455525,0.006174245342185387
2016-01-06,-0.02347335306140191,0.0035309617089059387
2016-01-07,-0.00670261119949391,0.004816336111719913
2016-01-08,-0.014796842575591645,0.004081667667204222
2016-01-11,-0.012200201557673889,0.0037632584738058446
2016-01-12,-0.030200204448801195,0.0036246533748875804
2016-01-13,-0.0078109558707984495,0.0025411607098538825
2016-01-14,0.00447339540896874,-0.0027927388109943627
2016-01-15,0.011322802390106062,0.00606063743784035
2016-01-19,0.00855572885807477,0.0017155180989910635
2016-01-20,0.020099108462297278,0.005455903482649044
2016-01-21,0.02627176710865613,0.005600432792766369
2016-01-22,0.029387370487876322,0.005220290119560837
2016-01-25,0.04169779963579151,0.0069213344702802725
2016-01-26,0.01968329387074236,0.0016385753436848366
2016-01-27,0.01850783438105901,0.0017873380186026193
2016-01-28,-0.000804361915388342,-0.0021863639984210175
2016-01-29,-0.022513098658551098,-0.004253724148259823
2016-02-01,-0.028479477313931918,-0.002744551822652537
2016-02-02,-0.008990110404598519,-0.0029009793113715632
2016-02-03,-0.008004799931111936,-0.0011420916447784253
2016-02-04,-0.0068631710533466235,-0.004145464196629494
2016-02-05,0.008826509125957265,-0.005526801014833565
2016-02-08,0.019406454964233658,-0.004756119908835298
2016-02-09,0.023012318945289174,-0.0008619565617289162
2016-02-10,0.01969620771141942,-0.002227544705524899
2016-02-11,0.029340518686721863,-0.0027437183799428667
2016-02-12,0.020166766082484643,0.0034349676537860315
2016-02-16,0.012013942472262546,-0.00015326637968271012
2016-02-17,0.0048909418008643134,-0.001625078016297317
2016-02-18,0.020667559465348644,-0.00026419722427939424
2016-02-19,0.004905337006766852,-0.000846006255397899
2016-02-22,-0.0033330485995903495,-0.0008634144940471124
2016-02-23,0.006439636088213917,-0.0013033137775420739
2016-02-24,0.006225694920304265,-0.0024191891598784624
2016-02-25,0.0,-0.0017423255516951423
2016-02-26,0.018423884907711113,-0.0005415072053387851
2016-02-29,0.015588839776039934,-0.000225336086983555
2016-03-01,0.00890786467179601,0.002640835029412885
2016-03-02,0.013485023269046032,0.001179507649582126
2016-03-03,0.008837696161874726,-0.0003859216682541858
2016-03-04,0.007847678151273024,-0.0015710685022584376
2016-03-07,0.013443585458995148,0.0008163372076260612
2016-03-08,0.013024515033456384,-0.00023709128225536303
2016-03-09,0.007814770755790056,-0.0008032082765175626
2016-03-10,0.013489382773143524,0.00048812456145056577
2016-03-11,0.0038059181732001653,-0.00022893988442581836
2016-03-14,0.004947719703290355,-0.000165886628728849
2016-03-15,-0.0034311949087662045,-0.0020020245449909845
2016-03-16,-0.005521139259409251,-0.0026555788110203793
2016-03-17,-0.012724546863758653,-0.0023222193227320927
2016-03-18,-0.0009501768269806575,-0.0020020245449909845
2016-03-21,0.005867365511740933,-0.002456644414697902
2016-03-22,0.018352633718692904,-0.0024281436611061726
2016-03-23,0.012898515120217124,-0.0028827635308130897
2016-03-24,0.024543411571649992,-0.0028374472921890532
2016-03-28,0.019578956300254153,-0.0034107862788768034
2016-03-29,0.0054577551412072715,0.0032944959920811227
2016-03-30,0.006726494107723864,0.0024596592678495866
2016-03-31,0.0011301104691428601,0.0033026439874859303
2016-04-01,-0.0039241213929600205,0.0012081552766950233
2016-04-04,-0.011437278904879673,0.0014408337148759166
2016-04-05,0.0015004097247021376,0.0019329923813832398
2016-04-06,-0.014064929266165017,0.0014138963159612537
2016-04-07,-0.007748311562611315,0.0029574353461439325
2016-04-08,-0.006951628356082281,0.0017179025791486382
2016-04-11,0.005828753484600064,0.00244892107449094
2016-04-12,-0.0009374564505947416,-0.00011081436842969473
2016-04-13,-0.004542912958116647,-0.001146420600483721
2016-04-14,-0.01799433374190842,-0.0018449754843468348
2016-04-15,-0.020572188956130673,-0.0010473868769041504
2016-04-18,-0.01930782029846071,0.00021597016851208393
2016-04-19,-0.022767075961269787,6.817200696506098e-05
2016-04-20,-0.006662220799447765,-0.0012547596639123945
2016-04-21,0.012286570146580307,0.0006074467984057932
2016-04-22,0.006522182300574878,0.0026533637489927803
2016-04-25,0.011024666392772373,0.0012949811012703707
2016-04-26,0.013154295628728595,0.001625311125198152
2016-04-27,0.011393941643076836,0.0021385568012663764
2016-04-28,0.01062832869896614,0.0009973830428627968
2016-04-29,0.01781366857020943,0.0014045298398803166
2016-05-02,0.011838853892351153,0.0011865312849920588
2016-05-03,0.02358338998878594,0.0012483206897084132
2016-05-04,0.01257173856960457,-0.0006350979186867427
2016-05-05,0.017775694043707737,0.0003183574592375523
2016-05-06,0.0,-0.003079555322328156
2016-05-09,0.0009336766894855157,-0.0029119955414160076
2016-05-10,-0.028710154523729894,-0.0002692079069025307
2016-05-11,-0.03240459578222228,0.0035593101285494606
2016-05-12,-0.028022480240247404,0.0037389584098306327
2016-05-13,-0.020494110360317876,0.004920890670367671
2016-05-16,-0.025901868403699575,0.005137801680720238
2016-05-17,0.0022818558338789157,0.005412137063006424
2016-05-18,0.0154805077321154,0.004140425624365799
2016-05-19,0.009680218453362765,0.006968912046246571
2016-05-20,0.015975998859105663,0.002699769061499921
2016-05-23,0.008582121283576074,0.006444549640976734
2016-05-24,0.010392143127026087,0.005813598179912193
2016-05-25,0.009249743625364813,0.005227735797120745
2016-05-26,0.011643375604769943,0.005227735797120745
2016-05-27,0.011630199335600985,0.004543243634655595
2016-05-31,0.016946395292648832,0.0026263221109903197
2016-06-01,0.012700960677562267,0.004437711549320133
2016-06-02,0.016215040217868206,0.003618028583825333
2016-06-03,0.010586034078087142,0.003618028583825333
2016-06-06,0.0011183854607963542,0.003618028583825333
2016-06-07,0.0061423741563202735,0.003282650057601687
2016-06-08,-0.002787875145101558,0.0049174001426932805
2016-06-09,-0.001480145176499784,0.004494211379268955
2016-06-10,-0.0122678087509717,0.004401190000023586
2016-06-13,-0.0007454513137058462,0.0035665587386942916
2016-06-14,-0.0020432924768961198,0.004415887282652579
2016-06-15,0.0014878528014131474,0.0017752329274116426
2016-06-16,0.002404089384740399,0.0021222308203778196
2016-06-17,-0.0069438722783789625,0.002134663973932354
2016-06-20,-0.012191798854981747,0.0023596340970829213
2016-06-21,-0.008590138555600146,0.0021231258826760703
2016-06-22,0.0024129432295403974,-0.0004914286014139264
2016-06-23,0.018483500454730104,-0.0010313390116443964
2016-06-24,0.03315427193031409,-0.0007530997484603406
2016-06-27,0.04085971892458504,0.0010440950243984475
2016-06-28,0.03555685081083112,0.0013205241261902189
2016-06-29,0.02200310227454535,-0.0004345109624674256
2016-06-30,0.009743799574708452,0.003460093902816674
2016-07-01,0.014648989188277794,0.003460093902816674
2016-07-05,0.003616654191761795,0.003460093902816674
2016-07-06,0.008291307201055515,0.003460093902816674
2016-07-07,0.010104766104009939,0.004062667225055995
2016-07-08,0.0001795876885206651,0.003926712716866118
2016-07-11,-0.0010778045449476312,0.0029267102481979473
2016-07-12,0.0036035525164928826,0.004056680834822316
2016-07-13,-0.005580026302739477,0.004474419019941965
2016-07-14,-0.008292801704455444,0.004474419019941965
2016-07-15,-0.0035971398781466076,0.0038748482721537247
2016-07-18,-0.003601025974701848,0.0027413604661118873
2016-07-19,-0.010668217437335285,0.003447654719530596
2016-07-20,-0.022083257060304114,0.0036726612025301535
2016-07-21,-0.014771880873214417,0.0024647151515950158
2016-07-22,-0.014519297376748555,0.0021923452097091034
2016-07-25,-0.012341360341967738,0.0019892128750667415
2016-07-26,-0.006016938938464391,0.0026479925223542836
2016-07-27,0.0035000946101427354,0.0022846386183179705
2016-07-28,0.001285223616332871,0.001856599936726746
2016-07-29,-0.002013004786812052,0.00027681310290161474
2016-08-01,-0.004208983216848315,0.0008118073867564561
2016-08-02,0.0003657059387688656,0.00031883139260178723
2016-08-03,0.009516917463254594,-0.0015983458237913565
2016-08-04,0.00731267464007317,0.001655468928351308
2016-08-05,0.009117495665589767,0.002074912277245975
2016-08-08,0.0076727081818087585,0.0011669285994717765
2016-08-09,0.00018276796590764878,-0.00021972590352562247
2016-08-10,-0.0007288796741935407,-0.0036864753045497585
2016-08-11,0.002728473000389939,-0.0071650293318729534
2016-08-12,-0.0030906666950468137,-0.0071650293318729534
2016-08-15,0.0009094904985921778,-0.007297160541782336
2016-08-16,0.0032846801007096207,-0.0066071219669602875
2016-08-17,-0.0010943166033610644,-0.007587679275600968
2016-08-18,-0.008391130720833353,-0.0014013126250226682
2016-08-19,-0.011169150226463814,0.0008149284742550216
2016-08-22,-0.006749983273037516,-0.0008139772136850088
2016-08-23,-0.010622774109350145,-0.003991737822329883
2016-08-24,-0.007693721185700029,-0.005344453135574635
2016-08-25,-0.0034865366776869917,-0.005130981070559269
2016-08-26,0.009346687974862955,-0.003175305848352619
2016-08-29,0.005658453711497971,-0.002851997272832256
2016-08-30,0.0027580731017006585,-0.003562709219431961
2016-08-31,-0.004053833059351322,-0.0026533223896146223
2016-09-01,-0.03193852375354575,-0.002348758591072592
2016-09-02,-0.02101458695925121,-0.0023041041918422617
2016-09-06,-0.035572446176259556,-0.00248371838092936
2016-09-07,-0.029819549711897576,-0.00300316710641121
2016-09-08,-0.016193912297878282,0.0012002944726104724
2016-09-09,0.0018961380207469039,0.005880549340116634
2016-09-12,-0.018804615680428533,0.004894149983236867
2016-09-13,-0.0037793084033414842,0.004146824436863497
2016-09-14,0.004718325203812612,0.004146824436863497
2016-09-15,0.005427184801894555,0.004322093292048762
2016-09-16,0.010364725436191153,0.005440615874350729
2016-09-19,0.003978390869779827,0.011812199327187491
2016-09-20,0.005475344835192886,0.004048007377907171
2016-09-21,0.0016931647620425832,0.004048007377907171
2016-09-22,-0.016940015622591155,0.004048007377907171
2016-09-23,-0.0024401902121821977,0.004237845008864498
2016-09-26,-0.0003782234931830451,0.012006067472600064
2016-09-27,-0.013077082961722959,0.010056561512135182
2016-09-28,-0.015724522792725033,0.012620522188950788
2016-09-29,-0.003994281704688151,0.009376189035596708
2016-09-30,-0.016676476027700695,0.006703188518200676
2016-10-03,-0.01026619467003667,0.00531930390451387
2016-10-04,-0.006891237019375887,0.007792152253359736
2016-10-05,-0.0003819797269343558,0.008008052938822131
2016-10-06,-0.0020986482648743796,0.0022053956389291108
2016-10-07,0.0007640325211900023,0.004963217359722169
2016-10-10,-0.004021123611391636,0.004512899811715388
2016-10-11,0.0042169394612638095,0.003216544046110829
2016-10-12,-0.007092887762096802,0.005893938265343695
2016-10-13,-0.007861220467257976,0.004865129852749878
2016-10-14,-0.002676854212015439,-0.0014704886608931295
2016-10-17,0.008596877262965768,-0.0010559830001707143
2016-10-18,0.009139430629180583,-0.00033876082863491493
2016-10-19,0.013566637750785867,-0.0003199694354224456
2016-10-20,0.009578617157069378,0.00018252108106923495
2016-10-21,0.008388965046811093,-0.0006788653089337985
2016-10-24,0.004365567236380039,-0.0014799120393015346
2016-10-25,-0.003607687009643669,-0.0012928767375193898
2016-10-26,-0.0047560254499496805,-0.0012029825840988292
2016-10-27,-0.007079316329526129,-0.002118990849347969
2016-10-28,-0.020330534743774047,0.0005507399859825906
2016-10-31,-0.006079040349402174,-0.0002698236334443915
2016-11-01,0.00246986099812112,-0.00017448068875204387
2016-11-02,-0.008810612300836126,-0.00017448068875204387
2016-11-03,-0.029027101738801596,0.0005772503242592014
2016-11-04,-0.020950343911908576,0.002305971660730138
2016-11-07,-0.03944937399089991,0.003258373673044048
2016-11-08,-0.03750686024488136,0.0048135624138143165
2016-11-09,-0.023553382431086005,0.0071300446531189846
2016-11-10,0.001777430154547991,0.008965221056906999
2016-11-11,-0.0007917837936397381,0.007021467040805936
2016-11-14,0.007700687400285853,0.006564675738796445
2016-11-15,0.006675857569549768,0.0063969496718225185
2016-11-16,0.0009843339112613448,0.006975206131175286
2016-11-17,0.01059874312936729,0.00787253710449726
2016-11-18,0.016302075963109904,0.005671235507806287
2016-11-21,0.010954752824890404,0.0049011863732141454
2016-11-22,-0.010228189906035657,0.005224876050870513
2016-11-23,-0.01127942494779975,0.003975129672463992
2016-11-25,-0.01277159554675537,-0.00039632381522867685
2016-11-28,-0.013731105166117596,-0.0005859955316722508
2016-11-29,-0.012135649910000223,-0.0014980349908193865
2016-11-30,0.01821965354925353,-0.00027205952719101855
2016-12-01,0.02068019036542457,0.002387869499565951
2016-12-02,0.02865416217989478,0.0016898679138708794
2016-12-05,0.03149558376661378,0.0016516652858353585
2016-12-06,0.03312015500361611,0.0012593521285879834
2016-12-07,0.007928106136754801,0.003280252504615678
2016-12-08,0.016241659494732018,0.0036586688123924262
2016-12-09,0.00019210916609277898,0.003429470563613735
2016-12-12,-0.0019156801387164182,0.00270227169392932
2016-12-13,-0.00841792683793554,0.003130487356678778
2016-12-14,0.0023086341080794707,0.0033144033044381826
2016-12-15,-0.0034582226167919347,0.002875267030557136
2016-12-16,0.00019214554226506647,0.0034753265002940965
2016-12-19,-0.0019194303030447386,0.003608411862278996
2016-12-20,-0.006166905236830396,0.0034790273787832938
2016-12-21,-0.0013460187281051385,0.0018446766647164821
2016-12-22,-0.0048230054794545394,0.002184387780132209
2016-12-23,-0.0030781063732174536,7.298348151093005e-05
2016-12-27,-0.0028859608309524626,-0.0015778597413145207
2016-12-28,0.006551086147603361,-0.0021372189446266566
2016-12-29,0.0028820792542976724,-0.0024378230394320605
2016-12-30,-0.00019337243166252894,-0.002399867907563729
2017-01-03,-0.008902766339791377,-0.00048752647776389535
2017-01-04,-0.006960596584554819,1.442493750151479e-05
2017-01-05,-0.011201314657964874,0.0005902111270306015
2017-01-06,-0.011578641081996417,0.0006222083491533262
2017-01-09,0.01058209457348767,6.453112808434761e-05
2017-01-10,0.0190628991726589,0.000706435027946145
2017-01-11,0.013490294110438865,0.002546342921571743
2017-01-12,0.02094820746993389,0.001142660856720318
2017-01-13,0.01998530962315572,0.0016469401430342112
2017-01-17,0.01255246318720585,5.275003008225585e-05
2017-01-18,0.008924415303770878,-0.00018007648697897807
2017-01-19,0.008197481632545679,-4.2098944115225034e-05
2017-01-20,-0.0038109946546740223,0.0004255387303912703
2017-01-23,-0.004194500287097546,0.0004255387303912703
2017-01-24,-0.0060663635294114955,-0.00012824474994184882
2017-01-25,-0.013704082151742535,-0.00599585062274782
2017-01-26,-0.0001898475600783313,-0.006544161751184859
2017-01-27,0.011767054080894707,-0.005409323401908843
2017-01-30,0.007044273480655348,-0.005409323401908843
2017-01-31,0.010403938343224839,-0.005956152192786606
2017-02-01,0.02236212748863824,-0.0050278563222421815
2017-02-02,0.017319747120123494,-0.005992484741501427
2017-02-03,0.011630199335600985,-0.005357244876655927
2017-02-06,0.01711693938974713,-0.005610972928092004
2017-02-07,0.009178704065269572,-0.005610972928092004
2017-02-08,0.014142370520792404,-0.00498083826966887
2017-02-09,0.01132046594519246,0.0020904616276829235
2017-02-10,0.015544357546885225,0.0018458699151764426
2017-02-13,0.024501581846155956,0.00204333751206224
2017-02-14,0.024496998344817666,0.001901357635881031
2017-02-15,0.01776443068788474,-0.0007962260204540261
2017-02-16,0.019914793141356166,-0.00010211620208439426
2017-02-17,0.010411998454556181,-0.00026969964686947935
2017-02-21,0.002725993732087562,-0.0029877221154315163
2017-02-22,0.007251691078523466,-0.003155305560216601
2017-02-23,0.004708417332406301,-0.00352362074733672
2017-02-24,-0.002535762850704888,0.000987474261925753
2017-02-27,-0.0023650925798929445,0.0037858784724381883
2017-02-28,-0.0049121656548850555,0.004584279341907452
2017-03-01,-0.011810830993002775,0.004312850918686312
2017-03-02,-0.009986451555107292,0.001449936032931243
2017-03-03,-0.0016335452168638896,0.004584279341907452
2017-03-06,0.003454837945146417,0.004650830136731224
2017-03-07,0.0018221300991692186,0.0026057642068350395
2017-03-08,0.011449485774512208,0.00265666437509204
2017-03-09,0.011250326363513882,0.00265666437509204
2017-03-10,-0.0012723748985654928,0.001632407421598186
2017-03-13,0.0,0.002007093608593411
2017-03-14,0.0020005573486918758,0.002186366659919904
2017-03-15,-0.007436324205809601,0.002342034091874574
2017-03-16,-0.011067822281723254,0.002007093608593411
2017-03-17,-0.00510575103545588,0.00354788597130981
2017-03-20,-0.00801897171093933,0.0036493632600657845
2017-03-21,-0.005282841562332285,0.003010820719588128
2017-03-22,-0.001457494008134859,0.0033753419303195376
2017-03-23,-0.001277949838446773,0.004514462131857792
2017-03-24,-0.002196174547359541,0.002532124518872637
2017-03-27,-0.002932013145264329,0.0024234833601360964
2017-03-28,-0.001828126153131484,0.0018974357980870871
2017-03-29,-0.005484460609093793,0.0006619431885195146
2017-03-30,-0.0034770359820388524,0.00048528888974720615
2017-03-31,0.0021961745473595396,0.0016912436006817425
2017-04-03,0.006767267236863559,-0.0021478701562913233
2017-04-04,0.004199760336892113,-0.002133963822785552
2017-04-05,0.009850515961396121,-0.0026827769696546274
2017-04-06,0.005302159183511304,-0.002781230423897818
2017-04-07,0.00964255224914034,-0.0012723287292622477
2017-04-10,0.011238090560585428,-0.001434672603604515
2017-04-11,0.007081271247117999,-0.0017819059296261546
2017-04-12,0.0012698359044050114,-0.0013155456314416765
2017-04-13,0.002913327755937652,-0.0012723287292622477
2017-04-17,0.004876745127608368,-0.0016367789608466086
2017-04-18,0.004316583623750427,-0.0015086360361722053
2017-04-19,0.0,-0.0016367789608466086
2017-04-20,0.0007249169455932675,-0.0016367789608466086
2017-04-21,0.0032673890872195795,-0.0016367789608466086
2017-04-24,-0.009595416673105093,-0.0002941659536504338
2017-04-25,-0.020305316015054958,-0.00022684394648984698
2017-04-26,-0.011281031584010072,0.0003815970506087725
2017-04-27,-0.0023578693716240036,0.00044891905776935943
2017-04-28,0.0007246542884950687,-0.00010106783576440251
2017-05-01,0.004175363025132677,5.392996430215119e-05
2017-05-02,0.0072993304281119935,0.0007080801777601088
2017-05-03,0.007110967715463832,0.0012993009947902668
2017-05-04,0.0009075095946126532,0.0013175276726539362
2017-05-05,-0.004719597352158552,-0.00015058644819360213
2017-05-08,-0.0010875725778910503,-0.0007275329873672705
2017-05-09,0.001635029021947089,-0.0008853902402567064
2017-05-10,-0.0005452538836067175,-0.0008475691733322211
2017-05-11,-0.0012707580177436565,-0.000865843595158885
2017-05-12,0.007071000330797193,-0.0009494403809797614
2017-05-15,0.009386358829791181,-0.0012510733678589413
2017-05-16,0.0113709565649958,-0.0009302838675498566
2017-05-17,0.016764706849120854,-0.0011510051633038304
2017-05-18,0.02227506643074937,-0.0011418207236116875
2017-05-19,0.02056400656557108,-0.0011971907472343086
2017-05-22,0.014624831723789072,7.374956166846772e-05
2017-05-23,0.0163762677900695,-5.210553946283178e-06
2017-05-24,0.02052442671458453,-0.00029126295749203843
2017-05-25,0.0172600186584346,-0.000490325398890929
2017-05-26,0.0145834407067528,-0.000490325398890929
2017-05-30,0.012492448834336685,-0.000490325398890929
2017-05-31,0.009313814638152599,-0.000490325398890929
2017-06-01,-0.006324630976616236,-0.00168819281314791
2017-06-02,-0.010531996528147396,-0.0016300705363533879
2017-06-05,-0.011755587149821979,-0.0016300705363533879
2017-06-06,-0.007723377552930243,0.0005645051592083959
2017-06-07,-0.0010500098835667998,0.0005645051592083959
2017-06-08,0.004220862073576784,-4.315421386377464e-05
2017-06-09,-0.012786489476670127,5.33817816740809e-06
2017-06-12,-0.007795904517971468,0.00039693491471247134
2017-06-13,-0.013303965626362815,0.00031062951526235176
2017-06-14,-0.02248878217736086,0.0001570039310140133
2017-06-15,-0.0268579649623125,0.00015896376241574645
2017-06-16,-0.008255593808123513,0.0004584444819988001
2017-06-19,-0.009112939592436954,0.0020938774670822054
2017-06-20,-0.013845415110368664,-0.0006381535734507393
2017-06-21,-0.007369492249388172,0.0027514895458980258
2017-06-22,-0.011422498597156055,0.0022899332209824646
2017-06-23,-0.00996119891497311,0.0025383198313773557
2017-06-26,-0.014828476156660223,0.000729543388187308
2017-06-27,-0.0069041167226648785,0.0010332153604298107
2017-06-28,-0.01618657473353114,0.0018710378366196651
2017-06-29,-0.006035717192250223,0.0009535920171027645
2017-06-30,-0.014853075129637185,0.0022880754194856048
2017-07-03,-0.016717572332644877,0.0010841846450698358
2017-07-05,-0.010446346424451282,-0.0013499978320440694
2017-07-06,-0.004594329422783281,0.00021631466799882062
2017-07-07,0.0038451553381828765,-9.926391419630956e-05
2017-07-10,0.01193656100990059,-5.667796209773069e-05
2017-07-11,0.014711542441581968,0.00032993726845675854
2017-07-12,0.012813661933431862,-2.6279580118983233e-05
2017-07-13,0.012811316261845094,-0.0007086580651231192
2017-07-14,0.00655741148153676,-0.0009374335874919117
2017-07-17,0.0021882347580769643,-0.00140611727885342
2017-07-18,0.009086015826035687,-0.001958625438967251
2017-07-19,0.005260799716392589,-0.00021920701272600335
2017-07-20,0.01480170836403168,-5.880595804039762e-05
2017-07-21,0.00470927001205737,-0.0007234136961810975
2017-07-24,0.007621124970731686,-0.0006167014952007942
2017-07-25,-0.00036186825595226155,-0.0004920760836707196
2017-07-26,-0.0009050455193030911,-0.0012326842180065834
2017-07-27,-0.01153379531186165,-0.0010339975273050913
2017-07-28,-0.005799213299681207,-0.001095388474066467
2017-07-31,0.0019864676573169036,-0.0009831902218444175
2017-08-01,-0.0007240605130922914,-0.002360215679063117
2017-08-02,0.0016285202273829582,-0.001077419806418202
2017-08-03,-0.0016325869910179531,-0.0011036475498101771
2017-08-04,0.0018158435110263967,-0.001130333521985074
2017-08-07,-0.0007219079114727908,-0.0009279360885221433
2017-08-08,0.008116140696001743,-0.001077616523512093
2017-08-09,0.009894822607913186,-0.0012638751315361223
2017-08-10,0.004889924482821597,-0.001077616523512093
2017-08-11,0.0014503597770113236,-5.3960527472015364e-05
2017-08-14,0.00018056027033097667,-0.0009729603622389241
2017-08-15,-0.0046812891787260825,-0.0010299378263531952
2017-08-16,-0.010980231045619602,-0.0006293709693223198
2017-08-17,-0.01565940218860984,-0.0005371678610296877
2017-08-18,-0.009647887690369707,-0.0006186043034476922
2017-08-21,-0.016195481011895264,-0.0006606699568745969
2017-08-22,-0.012896356749821019,-0.0008267066531792667
2017-08-23,-0.010187488149640402,-0.0007439393998529796
2017-08-24,0.0040292619433335555,6.979181578922649e-05
2017-08-25,0.0054725246652371,-5.99637096640892e-06
2017-08-28,0.009857709025378657,0.00046020830017274016
2017-08-29,0.010547434001590002,0.0005214290854325517
2017-08-30,0.01217647008632888,0.0006343347979392742
2017-08-31,0.006921722912870223,0.0005514657245120852
2017-09-01,0.00833336485803629,0.00045483213627544824
2017-09-05,0.009041653041693805,-0.0006677261885167754
2017-09-06,0.005412299881615533,-0.0009449653745770786
2017-09-07,0.0019850337391385613,-0.0007336713595451364
2017-09-08,0.0023570143537676343,-0.00041980037142236206
2017-09-11,-0.0023480742054045045,-0.0017148628609256272
2017-09-12,-0.007589450375280514,-0.0009116941577909061
2017-09-13,-0.01778960245448706,-0.001361572883575761
2017-09-14,-0.025377890480721452,-0.0004778095447314822
2017-09-15,-0.023823795962864006,-0.0012438954404021467
2017-09-18,-0.0180644973990081,-0.0014104523582185173
2017-09-19,-0.012594899418581561,-0.0010211598804029608
2017-09-20,-0.010679497965922819,-0.000513865451220568
2017-09-21,-0.0011101087545318594,0.0009592900908745251
2017-09-22,0.0011121664642909715,0.0006615382487563787
2017-09-25,-0.007949025966779448,0.0004800135183428557
2017-09-26,-0.009226860305513241,-0.0004955562770589336
2017-09-27,0.0016646660960372122,0.0005677370668289069
2017-09-28,0.0060902286537331506,-4.113321342548778e-06
2017-09-29,-0.003154250087173176,-6.979571072524663e-05
2017-10-02,-0.004091529212255828,9.061066518500486e-05
2017-10-03,0.0035162882893140955,0.00021587578536262647
2017-10-04,0.0023996516428507397,-0.0003737205278310801
2017-10-05,0.0022055283139722163,-0.000243898167640292
2017-10-06,0.014024926583328165,0.00020705646189342488
2017-10-09,0.017182876434956054,-0.0001276255970637763
2017-10-10,0.004791721671814529,0.0003331801012298383
2017-10-11,0.0014738030550058736,-0.0001125305045003538
2017-10-12,-0.008110688543229022,0.00013113657353137388
2017-10-13,-0.012353769381375114,-0.0001008698366517223
2017-10-16,-0.013462619873188888,9.433857352490475e-05
2017-10-17,-0.013326150141284111,-0.0001008698366517223
2017-10-18,-0.01483705325922392,-0.000580885989074106
2017-10-19,-0.008736878799705469,-0.0006215699734215785
2017-10-20,-0.014953606712449266,-0.0005516395956831698
2017-10-23,-0.022721831154099512,8.894035942063278e-05
2017-10-24,-0.010865562602108197,-7.813559520396472e-05
2017-10-25,-0.0048698755019051495,0.00047495571609242195
2017-10-26,-0.008060785896548902,0.000244445533515484
2017-10-27,0.0007530293339964496,0.0007218644882458062
2017-10-30,-0.0015206585353148977,0.0026772693522446995
2017-10-31,0.001317641504976783,0.000594425920942815
2017-11-01,0.008972085549244056,0.000594425920942815
2017-11-02,0.011229735654368425,0.0006415324612623834
2017-11-03,0.021225883631724538,0.00018828761268729178
2017-11-06,0.037705109562603374,0.001628884840503728
2017-11-07,0.03001891057650163,0.0005628669740750786
2017-11-08,0.008523288101529308,0.002514173425407742
2017-11-09,0.022452198512852302,0.0015310341950718024
2017-11-10,0.00880415729125394,0.00010559294215427464
2017-11-13,0.0020130047868120293,-0.0013538529515187477
2017-11-14,0.001823861329176145,-0.001555488858204944
2017-11-15,0.011191761591533407,0.0007866504859662566
2017-11-16,-0.0032810875803216707,0.00012165668075116955
2017-11-17,0.0007302102627986357,0.0006043222494419454
2017-11-20,0.010004617022222065,0.0004438770905820941
2017-11-21,0.01195449548239029,-0.0012955961583503506
2017-11-22,0.022371451792895746,-0.001455327350035018
2017-11-24,0.025596173530417453,-0.0004338138103982786
2017-11-27,0.03443672371371906,-0.00042240112824271954
2017-11-28,0.024670558589147906,-0.0005042997955755005
2017-11-29,0.025772344936099603,-0.0012326388220408565
2017-11-30,0.006933966746334776,-0.002304066236364391
2017-12-01,0.007093513166833344,-0.0032519721404113593
2017-12-04,-0.0024713055097905336,-0.0032519721404113593
2017-12-05,-0.0007066051362021566,-0.0032519721404113593
2017-12-06,-0.0014047733650422293,-0.0032519721404113593
2017-12-07,0.003890389056588152,-0.002635743395042065
2017-12-08,0.005111510422574586,0.0005155282262197438
2017-12-11,0.0047605951204609965,-5.042691022682986e-05
2017-12-12,0.0058144472019273485,0.000513593128495892
2017-12-13,-0.001582698878698529,0.0004777457773599848
2017-12-14,0.0021156378366764487,-0.000427243271891108
2017-12-15,-0.00017586173637360646,0.00022076018646967888
2017-12-18,0.002635074478443461,-0.0028150981684044903
2017-12-19,0.0012291022461254299,-0.0021626404225540265
2017-12-20,0.001406996894017457,-0.002143673338700933
2017-12-21,0.0019354384879268236,-0.002143673338700933
2017-12-22,-0.005819574079004744,-0.0013130761597471342
2017-12-26,-0.008456701919078526,-0.001347965465422134
2017-12-27,-0.005454423092192872,-0.0013130761597471342
2017-12-28,0.0005270803743972355,-0.0013130761597471342
2017-12-29,0.003159011167293211,-0.0013130761597471342
2018-01-02,0.007927474840856477,0.0034182045944396496
2018-01-03,0.003355979966445556,0.0032903951554127
2018-01-04,-0.0008825212196575962,0.003324964227187048
2018-01-05,-0.004930433914322853,0.0033056348504707763
2018-01-08,-0.002807509267404074,0.003130476051008913
2018-01-09,0.009952062578732272,0.0023598626377206748
2018-01-10,0.011919515603198786,0.0023399716663343663
2018-01-11,0.0244211981797814,0.0023399716663343663
2018-01-12,0.03162180865579338,0.002293953791825149
2018-01-16,0.02378789044769586,0.0016102222808648799
2018-01-17,0.01448801008465152,0.0027759471384477714
2018-01-18,0.017959400304159465,0.002824805322387304
2018-01-19,0.011649957315241407,0.0021865336554077832
2018-01-22,0.00017098454882158483,0.0013535975867030596
2018-01-23,-0.0032654257503235543,0.0018774877327404668
2018-01-24,-0.009981184652075958,0.0016205200855572632
2018-01-25,-0.014827868402508675,0.0022100858145051978
2018-01-26,-0.03890050918044491,0.002245929158440927
2018-01-29,-0.07195310790545055,0.001678194988714705
2018-01-30,-0.05429677081481195,0.0015900898814676094
2018-01-31,-0.05400958975897381,0.0021938484874559237
2018-02-01,-0.07145255377790075,0.0027584680604216053
2018-02-02,-0.05011035842997235,0.0024640929155229216
2018-02-05,-0.002944423411369103,0.007097271436173881
2018-02-06,-0.009312623532095896,0.003277383456573906
2018-02-07,-0.005491488112354605,0.0023542174378771196
2018-02-08,0.032669497420971,0.0014270013699218746
2018-02-09,0.03458398694105528,0.0015481527485307447
2018-02-12,0.0014733305092160867,0.002914144797289477
2018-02-13,-0.015157401427957842,0.003174590741050955
2018-02-14,-0.0120026868504687,0.0014373743730898274
2018-02-15,-0.018773951537667605,0.0019066111628267017
2018-02-16,-0.016502321564449286,0.001628369733765076
2018-02-20,-0.0068322475574929395,0.0015257502242544945
2018-02-21,-0.005228747361562358,0.002035567070501195
2018-02-22,-0.010082253099584096,0.0006475564431440654
2018-02-23,-0.011286951071724475,0.0009385551006950334
2018-02-26,-0.00881547586450754,-0.00030357715705792203
2018-02-27,0.0051746331718386255,0.0027284694232808304
2018-02-28,0.0065316734986501255,0.0030998563680449966
2018-03-01,0.01785427893178158,0.0023332538624012485
2018-03-02,0.015876220383914202,0.004093994158675105
2018-03-05,0.005335325285484209,0.0011883063322841423
2018-03-06,0.0038634780140392676,0.004869202111936332
2018-03-07,0.0027863216397453336,0.0053633859208364176
2018-03-08,-0.01336077081937279,0.005234172533866806
2018-03-09,-0.025036050214824412,0.005456149329329967
2018-03-12,-0.03301615680809581,0.004063953026187091
2018-03-13,-0.03513061630870693,0.0042759684144454
2018-03-14,-0.0374193229002548,0.0033094731516917783
2018-03-15,-0.03866041393150565,0.0049210292681318765
2018-03-16,-0.04592103259494037,0.005616037786655728
2018-03-19,-0.02185668664684121,0.004656945202023988
2018-03-20,-0.01958964942010084,0.0035087994837142067
2018-03-21,0.0065259377496018536,0.00429236395265274
2018-03-22,0.021704511990795324,0.00040714239667429724
2018-03-23,0.009393406420505615,0.001214443433555955
2018-03-26,0.008300410606007074,0.004411442980252906
2018-03-27,0.024333041129796663,0.004365338348859297
2018-03-28,0.013114292859099473,0.005760672909282879
2018-03-29,-0.0039981566956855,0.004427662984075794
2018-04-02,0.020245543354874634,0.005500139726915676
2018-04-03,0.009375326864791403,0.004346498578705387
2018-04-04,-0.007981835932949271,0.0034460407753604335
2018-04-05,-0.011967038966954183,0.0035277760970539194
2018-04-06,0.0032378275379147136,0.0031659737280322663
2018-04-09,0.014590509204718615,0.004148546033556056
2018-04-10,0.01455740763597905,0.00273346496704892
2018-04-11,0.008927805839633615,0.003073410456740922
2018-04-12,-0.018904948715349843,0.003444698754043816
2018-04-13,-0.04075066038834191,0.004349956291491112
2018-04-16,-0.052719988834586125,0.003280751075982858
2018-04-17,-0.061340402169170846,0.0007699256360625638
2018-04-18,-0.05201017384660107,-0.0005395842726826712
2018-04-19,-0.016691570377986707,0.002044552365029709
2018-04-20,0.005530307861350533,0.002558208466774229
2018-04-23,0.0003965197821958389,0.0028301707850406075
2018-04-24,-0.00199764928367956,0.0028248249045608625
2018-04-25,-0.02358271112960443,0.0031349123748758167
2018-04-26,-0.030561294103222943,0.004237043010272348
2018-04-27,-0.021501959998665474,0.0034520748154083913
2018-04-30,-0.021437256374746402,0.003547454272218059
2018-05-01,-0.01673590887485964,0.0026146671219287754
2018-05-02,0.004477036852021884,0.0029272894959883194
2018-05-03,0.011368400363690188,0.0035121814501442618
2018-05-04,-0.0030232354352766806,0.0023871609154120827
2018-05-07,0.0028311320728002715,0.0025781781762679807
2018-05-08,0.0030454093707988294,0.0027192178297740627
2018-05-09,0.008693076149955244,0.002816260880359275
2018-05-10,0.006238023256659047,0.002168556855902883
2018-05-11,0.0,0.0019853335011870907
2018-05-14,0.0046338259842450815,-0.00016724265184002608
2018-05-15,0.006667324643241012,-0.0014166906937206963
2018-05-16,0.0032154337726993487,-0.0005471950976029998
2018-05-17,-0.0010034970879027327,-0.0007006860109568299
2018-05-18,0.00683969968375152,-0.00010728154902186563
2018-05-21,0.0004019384634432678,-0.00020103399422364442
2018-05-22,0.016179347531509382,-0.0009560968378267741
2018-05-23,-0.0036181005333837403,-0.00020103399422364442
2018-05-24,-0.002815191703169109,-0.0017646993173729508
2018-05-25,0.0038018780213376485,-0.0013514427079673777
2018-05-29,0.0014054754727073932,-0.0012703336195452979
2018-05-30,-0.011358091202670072,-0.002103402674992199
2018-05-31,0.011014414805280929,-0.0013811713440370287
2018-06-01,0.023286990474551857,8.64844461205133e-05
2018-06-04,0.023293597771646912,0.001427538414758318
2018-06-05,0.029847029118548384,0.0021808585553509873
2018-06-06,0.025523140305953564,0.0014296702767077711
2018-06-07,0.021086596995101403,0.002063090641507348
2018-06-08,0.013871455505731338,0.0014247011303775156
2018-06-11,-0.009016115179623871,0.0010815977061192459
2018-06-12,-0.0056634679503305115,0.0010815977061192459
2018-06-13,-0.001563988920052923,0.0020134273617884403
2018-06-14,-0.0013659812111940786,0.000406684268386887
2018-06-15,0.0017446965917853998,0.0005091526405450853
2018-06-18,0.02142657877834241,0.0018719628524516297
2018-06-19,0.011875868152640552,0.0015036639130739942
2018-06-20,0.00876601998369176,0.0006450303989879932
2018-06-21,0.006811397109243165,0.0021255737470944253
2018-06-22,-0.0019387809284784735,0.0011323463318361501
2018-06-25,-0.012800792601586284,0.0020526119809293835
2018-06-26,-0.006212400202309902,0.0014601442567512954
2018-06-27,0.009650721239623891,0.0007328244009969291
2018-06-28,0.012719381941343061,0.00044492671815386087
2018-06-29,0.009464130169309705,0.0008353308827467138
2018-07-02,0.027150986406587318,-0.0005773994599600349
2018-07-03,0.021576694304101595,-7.134944387472984e-05
2018-07-05,0.006509694501398354,0.0006932044976314291
2018-07-06,0.009908626103305642,0.0008945357072549131
2018-07-09,0.008994438420826294,0.0008422756687456796
2018-07-10,0.005682895436199752,0.0007455578958374358
2018-07-11,0.0007619947216574936,0.0010039554909016
2018-07-12,0.0026681812359106954,0.0004894381244628078
2018-07-13,0.002272707972261559,0.0013271536340772629
2018-07-16,0.000761704486565992,0.0012440246425020297
2018-07-17,-0.005872851197951326,0.0007292679098291807
2018-07-18,0.009854172444873879,0.0012371237708370683
2018-07-19,0.014549154912412734,0.0009369359557110097
2018-07-20,0.009789243263319493,0.0010224151938289714
2018-07-23,0.01492707785937033,0.0008147471479471418
2018-07-24,0.017702884535616865,0.0007292679098291807
2018-07-25,0.0016957169306535747,0.0010224151938289714
2018-07-26,0.006543885558726056,0.0011301650063869023
2018-07-27,0.016903900794975564,-0.004142032937972541
2018-07-30,0.018949117219192048,-0.005023538352325985
2018-07-31,0.008179979331733417,-0.00307945153712578
2018-08-01,0.008995554548278597,-2.3892923668724363e-05
2018-08-02,-0.004108338623293153,-0.007354497207136068
2018-08-03,-0.01953003972767159,-0.005169494539330587
2018-08-06,-0.0204505817528891,-0.003689725720273158
2018-08-07,-0.007433554303357561,-0.000517283957965059
2018-08-08,0.0042819269795053684,-0.0021089626105664588
2018-08-09,0.021474351273779793,-0.002310759762716969
2018-08-10,0.032886738763044876,0.0011178908644982326
2018-08-13,0.03234135598951665,0.0013526671360612908
2018-08-14,0.018298225579880586,-0.0019786937764456184
2018-08-15,0.007956309708635836,0.0004461148926872943
2018-08-16,-0.008645274263064747,-0.006679774717376648
2018-08-17,-0.017602197564988153,-0.007369644151170374
2018-08-20,-0.016502052338515042,-0.0054573607401966154
2018-08-21,-0.012717868171200568,-0.0037487596166200067
2018-08-22,-0.005358917048276931,-0.004825891230004027
2018-08-23,-0.006115127554586201,-0.0002047497662676567
2018-08-24,-0.005192938108759427,-0.0025695655425741542
2018-08-27,-0.007050141832719887,-0.002617557477897405
2018-08-28,0.007760607632733412,-0.000627630697130352
2018-08-29,0.00940529419010985,0.0004407983035489328
2018-08-30,0.010539058525816103,0.0005522049676235134
2018-08-31,0.014399410562864975,0.0001118529543389117
2018-09-04,0.012029413639280768,2.0177777969827262e-05
2018-09-05,0.012074786776958843,2.0177777969827262e-05
2018-09-06,0.007861825073068708,2.0177777969827262e-05
2018-09-07,0.007147458256394148,2.0177777969827262e-05
2018-09-10,0.007304592550530824,2.0177777969827262e-05
2018-09-11,0.006783396280894567,2.0177777969827262e-05
2018-09-12,-0.006568179083417192,0.0017416083829217487
2018-09-13,0.007439022768094562,0.002030263241466857
2018-09-14,0.0047367940474606395,0.0010681602716247156
2018-09-17,-0.014293788966450097,0.0013448835073775367
2018-09-18,-0.01602389807615182,0.0012777302902421115
2018-09-19,-0.013081769314111733,0.0004539458514115735
2018-09-20,-0.026932126013333137,0.00119847991057043
2018-09-21,-0.020009848808504434,0.0011968465250137225
2018-09-24,-0.0053669216700496375,0.0028363431007347095
2018-09-25,0.006292823806334908,0.00414891908830282
2018-09-26,-0.005579319757598745,0.002305940523851251
2018-09-27,-0.006707623344435409,0.0015878147459426472
2018-09-28,-0.009127411477295408,0.0019194611245395554
2018-10-01,0.0053669216700497,0.0018954941044167512
2018-10-02,-0.0025863562705833953,0.0024417845565989473
2018-10-03,-0.0039241213929600205,0.0034002814939263983
2018-10-04,-0.02652175723582194,0.0018144163472544111
2018-10-05,-0.020034644059351774,0.001308201196385608
2018-10-08,-0.027696372265230973,0.001679303209101969
2018-10-09,-0.014345852762603443,0.0014844386329471032
2018-10-10,0.0024310636973192265,0.0011957280765478714
2018-10-11,0.026147777103909812,0.0046343575425271885
2018-10-12,0.04315599277699452,0.002325281775031637
2018-10-15,0.029540342453318283,0.0028179466157950677
2018-10-16,0.02281890173579683,0.002770331308900156
2018-10-17,0.022348313504528122,0.00315092354415827
2018-10-18,0.026028231090048225,0.0028403354438585543
2018-10-19,-0.015849885659850536,0.00228373016868902
2018-10-22,0.003127050913048961,0.001982584631534054
2018-10-23,0.018355778046163278,0.0018003366602493346
2018-10-24,0.004737587678725515,0.002449251524648056
2018-10-25,0.009430618415807572,0.00203187046137915
2018-10-26,0.02350023238192337,0.0011727301321249712
2018-10-29,0.02449099232380185,0.0006930261966547746
2018-10-30,0.010925166791033935,-0.001845045284579323
2018-10-31,0.02601745023450353,0.0002885702637546429
2018-11-01,0.01948403975362777,-0.0024753959859167814
2018-11-02,0.030557172084825206,-0.0014397120825778093
2018-11-05,0.012820710200956454,-0.0031458729977906367
2018-11-06,0.004443266933554236,-0.002586471845099687
2018-11-07,-0.008002190355368914,0.0007405126638791587
2018-11-08,-0.010141595868434385,0.0016039148561124924
2018-11-09,-0.013465800821670842,0.001886095973264881
2018-11-12,-0.009778711202249666,0.002372176478861934
2018-11-13,-0.024231616736392902,-0.0009904999647443573
2018-11-14,-0.025496361450111558,-0.0007297929899567352
2018-11-15,-0.0204143529212949,-0.0008304946760252764
2018-11-16,-0.021638073598371145,0.0009082126440372711
2018-11-19,-0.01113922312639771,0.0007436597342948068
2018-11-20,0.013892879147939796,0.0010360556274768818
2018-11-21,0.023530552653275857,0.0031936853171010177
2018-11-23,0.02647606096752765,0.00023276225747979887
2018-11-26,0.026087667019497367,0.001946242266551689
2018-11-27,0.00018069074772644744,0.0008212427743668866
2018-11-28,-0.007012583011651441,0.003136284818530116
2018-11-29,-0.021335111835168688,0.002764064374775284
2018-11-30,-0.027754477605138547,0.001828283596212772
2018-12-03,-0.020452869559554828,0.0017549818197033812
2018-12-04,-0.004707633868584388,0.001570732314031208
2018-12-06,0.00036082371565524234,0.006231630539885473
2018-12-07,-0.004028593953267554,0.0026292610814746113
2018-12-10,-0.02741927056913183,0.00489424698936936
2018-12-11,-0.047513066750868575,0.0034605894153549558
2018-12-12,-0.05598476899414846,0.004322842905114252
2018-12-13,-0.0801479430776401,0.0015423952782983223
2018-12-14,-0.08258415464930045,0.0019749809944779556
2018-12-17,-0.08851517759179729,0.005189391251061542
2018-12-18,-0.04908483692835208,0.006279057325329343
2018-12-19,-0.029806410414645955,0.005553237144523853
2018-12-20,-0.011794877976074052,0.0034785932056072793
2018-12-21,0.011886005217580743,0.0022548869812655317
2018-12-24,0.035282361703202286,0.002288143752947898
2018-12-26,0.0019943858891966967,0.005458693878683599
2018-12-27,0.013552179134570089,0.0027656551048020834
2018-12-28,0.012185664584989892,0.0017535157188474598
2018-12-31,0.017181232476520522,-0.0012202269636663945
2019-01-02,0.01377162752969724,0.0016680485600495606
2019-01-03,0.025377597530860937,0.0004301375806327404
2019-01-04,0.007192231387695457,0.0002746534407305299
2019-01-07,0.003704838828116574,0.001973367593917095
2019-01-08,0.004442296903236801,0.0020587915208173865
2019-01-09,0.008366627292425925,0.003372569303456415
2019-01-10,0.006775793693842656,0.0017471856884371294
2019-01-11,0.015757429808902275,0.002021319507398989
2019-01-14,0.011417640038683216,0.0019573862913449726
2019-01-15,0.013399908885478866,0.0018891100516065002
2019-01-16,0.006373715807789236,0.0027384989278178068
2019-01-17,-0.001931292363371496,0.0020453377938297276
2019-01-18,-0.00957861715706942,-0.002726944862300146
2019-01-22,0.0019223088049707968,0.0024658223415219426
2019-01-23,-0.0032378275379147557,0.002011471556471043
2019-01-24,0.027534271285497704,0.003639037668245797
2019-01-25,0.028396413320138408,0.004085945116166162
2019-01-28,0.030520814231936897,0.003639037668245797
2019-01-29,0.028400242882170156,0.003578047042550407
2019-01-30,0.021887735325881615,0.0036208776666807898
2019-01-31,0.0028056041119326053,0.003523531129389229
2019-02-01,0.010653304819084096,0.004061362263737526
2019-02-04,0.0068843685446675065,0.003885342177952437
2019-02-05,0.014455381296066631,0.0031142327966474544
2019-02-06,0.016106965100031425,0.0035489825571261464
2019-02-07,0.005587632978489359,0.003501027427706585
2019-02-08,0.010356992186617574,0.0034058523200183135
2019-02-11,0.012896286951559126,0.003514847709110761
2019-02-12,0.0033064010599007806,0.0027102320909012934
2019-02-13,0.004397988857508461,0.0025986620393852397
2019-02-14,0.010898789882294167,0.0036731160757916344
2019-02-15,-0.004056004950875016,0.0041998141595830695
2019-02-19,-0.008640576172767797,0.0025986620393852397
2019-02-20,-0.008286520959102152,0.003809854836460441
2019-02-21,-0.006420245441998621,0.0030328817291808575
2019-02-22,-0.0034968034755415945,0.002747510056481394
2019-02-25,0.0003694210844475547,0.0032218807316143493
2019-02-26,-0.000923602852192518,0.0031925026531051935
2019-02-27,-0.0009250403300554466,0.0031925026531051935
2019-02-28,-0.01222010845770406,0.002911699442845838
2019-03-01,-0.00981948770570824,0.000882282341462032
2019-03-04,0.004789956067683412,0.0009883994889831398
2019-03-05,0.005896455118392589,0.0009883994889831398
2019-03-06,0.013055309012148377,0.000882282341462032
2019-03-07,0.01864035389970271,0.0017603632018199655
2019-03-08,0.018264536504024372,0.0017605867204253842
2019-03-11,0.006777183857769618,0.0017605867204253842
2019-03-12,0.0056792562221952315,0.0018891490462078903
2019-03-13,-0.004210593990777819,0.0018891490462078903
2019-03-14,0.008375921119084546,0.001889860373819855
2019-03-15,0.006922983728362525,0.001991703758852266
2019-03-18,0.0074566110172468595,0.001570369158299667
2019-03-19,0.016667019081255802,0.002157991400743346
2019-03-20,0.017458215789406307,0.0015922539077551675
2019-03-21,0.010641278798924445,-0.010809084924638137
2019-03-22,0.01852735353664583,-0.011643423939362428
2019-03-25,0.013140312612930322,-0.00921437914926439
2019-03-26,-0.003599729676570478,-0.007645589020178489
2019-03-27,-0.005060603505247844,-0.007516378551316949
2019-03-28,-0.00611843087005253,-0.010589754495525535
2019-03-29,-0.009310728930390245,-0.008720213132783936
2019-04-01,-0.001789842540336133,-0.011660822273928246
2019-04-02,0.005215386660482125,0.0005412521645071669
2019-04-03,0.012961499740942715,0.0012146416814436973
2019-04-04,0.011129156707217036,0.0006589825596515944
2019-04-05,0.010913438764822174,0.0005966473243101762
2019-04-08,0.012639226452264427,0.0005966473243101762
2019-04-09,0.014070958117775962,0.0019069070727432802
2019-04-10,0.016145118745736018,0.0006780788894754612
2019-04-11,0.015059164533613547,0.0019069070727432802
2019-04-12,0.012202797558849022,-0.0019644196950031096
2019-04-15,0.0031790967886171817,-0.002528987065803655
2019-04-16,0.005116019070886147,0.0006490030178142371
2019-04-17,-0.006178825753531871,-0.0031782697976829206
2019-04-18,0.0019323784989928835,0.0015277496669917655
2019-04-22,0.002808494900983178,-0.0030418007942719493
2019-04-23,0.017479906976682297,-0.0019314893328173529
2019-04-24,0.0029868803056598107,-0.0011962846192203349
2019-04-25,0.008990775734413559,0.0009581065486305715
2019-04-26,0.007518180485681206,0.0009581065486305715
2019-04-29,0.00472153470098671,0.001422358735517158
2019-04-30,-0.016774796497087293,0.0015277496669917655
2019-05-01,-0.004571808872125186,0.0009581065486305715
2019-05-02,-0.006338060216876361,0.002237015381886519
2019-05-03,-0.0017433489955346103,0.002380087322455788
2019-05-06,-0.00964157238978625,0.002667951797911862
2019-05-07,0.005097135795148014,0.0025783430029746902
2019-05-08,0.013131589868578614,0.0030284692818600897
2019-05-09,0.02304570782012807,0.0021393485918477597
2019-05-10,0.007648196875754633,0.003188661388152121
2019-05-13,0.014688149092720374,0.002072458325701749
2019-05-14,0.007858256674343521,0.0031357268184240427
2019-05-15,0.004512300570899321,0.002723694974860276
2019-05-16,-0.0036310074958011257,0.002015234288815268
2019-05-17,-0.0039906280307724735,0.002435823602837187
2019-05-20,-0.018040576103188082,0.002739061005835905
2019-05-21,-0.02322827488510829,0.0016230470235456516
2019-05-22,-0.023476904354997667,0.0015922903221840675
2019-05-23,-0.037413908968407794,0.0014894774988220734
2019-05-24,-0.021260557716555006,0.0016036100224643623
2019-05-28,0.004232772819474346,0.001570995704376828
2019-05-29,0.02288031981445642,0.0022806201306172546
2019-05-30,0.029002729081744418,0.001738773228346334
2019-05-31,0.05288347701897477,0.0025848506505284285
2019-06-03,0.040715437461599426,0.003466161988433546
2019-06-04,0.034933527271384796,0.004215075220938612
2019-06-05,0.025087210268085317,0.0038558147076064486
2019-06-06,0.016904725439598898,0.0032077826606552143
2019-06-07,0.007815178745860159,0.0026304718791317974
2019-06-10,0.004592959401290882,0.0012654973510832876
2019-06-11,-0.004087227782427372,0.0016415778429937956
2019-06-12,-0.0015284057019321693,0.0017126692416026808
2019-06-13,0.0050667095730790555,0.0013484927354444705
2019-06-14,-0.0062813028450787066,0.0015493254314639488
2019-06-17,-0.0008489556209212108,0.0013665553905373253
2019-06-18,0.004087227782427475,0.0009865334168659412
2019-06-19,-0.014378887780085439,0.0010643645537731844
2019-06-20,-0.021282832550931097,0.0013665553905373253
2019-06-21,-0.011131230966151236,0.0013228323920542776
2019-06-24,-0.007673339279892216,0.0013258941878137194
2019-06-25,0.001528405701932158,0.0015727614454432962
2019-06-26,0.028218765982558305,0.0016654294747338754
2019-06-27,0.021956475466399273,0.004077405431899419
2019-06-28,0.02399093976721052,0.0025516861814516207
2019-07-01,0.0120801622799326,0.0024778403815779375
2019-07-02,0.009794033423537607,0.0037873738657639403
2019-07-03,0.0,0.0037468052963473253
2019-07-05,0.007212985949434167,0.0031812827443352034
2019-07-08,0.008204343639787635,0.0007054962653314342
2019-07-09,0.014439481747526477,0.0027591983057855744
2019-07-10,0.00686597119866636,0.0034041376099492294
2019-07-11,0.011001942111442727,0.0010808503993938062
2019-07-12,0.0018368009711919905,0.0011673957986296714
2019-07-15,-0.006356680216131248,0.0011673957986296714
2019-07-16,0.0004999379949621828,0.0012240510444128116
2019-07-17,-0.005019238316100484,0.0015433937330842694
2019-07-18,-0.010331685462308806,0.001469107556041583
2019-07-19,0.007148236138097606,0.0012240510444128116
2019-07-22,0.014824946982917156,0.0011428170139989402
2019-07-23,0.010606652105900281,0.0011428170139989402
2019-07-24,-0.0031919158209253893,0.001144769136052924
2019-07-25,-0.00807268989164531,0.0009416296827067897
2019-07-26,-0.019064112555223965,0.0013594403303170207
2019-07-29,-0.047228899838299095,0.0014097063020569983
2019-07-30,-0.04122735418933754,0.0010039086329817178
2019-07-31,-0.00912786792140076,0.0034184206734359946
2019-08-01,0.00723483083799336,0.005286605836995457
2019-08-02,0.0015183495648673892,0.003707703620974752
2019-08-05,0.02109673605333099,0.004840829056546401
2019-08-06,0.02343063176388065,0.004654218168598735
2019-08-07,-0.004083685476039661,0.004006425876603551
2019-08-08,-0.0020138074648411125,0.0038453506710601653
2019-08-09,0.014891924145623476,0.0029061423852736893
2019-08-12,0.03157371119786146,0.003469063306155823
2019-08-13,0.00935369046906615,0.0033759253183262717
2019-08-14,0.027910349117256268,0.0024809837663976623
2019-08-15,0.018309471040963206,0.0017233937292055383
2019-08-16,-0.009847365936246232,0.0022759869341187054
2019-08-19,-0.007427627703824033,0.0027709469442121198
2019-08-20,0.0006647349551630306,0.0031448027208547174
2019-08-21,0.007598303446557344,0.00285272559882182
2019-08-22,0.002799938723193192,0.0026069580350720875
2019-08-23,0.018282082856640153,0.0027092014322852064
2019-08-26,0.011694098226393097,0.001282577234011885
2019-08-27,0.023480273090870515,0.0019452389249887483
2019-08-28,0.00770434451750853,0.002409831916220906
2019-08-29,0.010471290063899701,0.002883048813890774
2019-08-30,0.009506677304990706,0.002566804443261314
2019-09-03,-0.0024592442676441124,0.0028057823625909717
2019-09-04,-0.007820169354779988,0.0014039180663552359
2019-09-05,0.002446347299709566,0.0023516622257861277
2019-09-06,-0.006531664512663554,0.0018182687242864367
2019-09-09,-0.01396324081436961,0.0007077891266289389
2019-09-10,-0.002300730565565801,0.0009728530994629631
2019-09-11,-0.004261575381806572,0.0005004833141869083
2019-09-12,-0.008506520538855646,0.0006098285315860904
2019-09-13,-0.011865683334590761,0.000724553589057854
2019-09-16,0.001818042123927409,0.0009152638097091666
2019-09-17,0.0004935043106407898,0.0008131676979429063
2019-09-18,-0.0004929367405649534,0.000757430105955199
2019-09-19,0.005243330073035202,0.0007971744630266536
2019-09-20,0.013175408742137079,0.0007756122512862648
2019-09-23,0.014100853394920097,0.0009216760386360001
2019-09-24,0.0073728022902355495,0.0006936979872180199
2019-09-25,-0.013567377428598213,0.0006794206142271525
2019-09-26,-0.012167165349584367,0.0007596946709601379
2019-09-27,0.004570732621986857,0.0006472243394704506
2019-09-30,-0.008502285429315162,0.0006472243394704506
2019-10-01,-0.01546335536514219,0.0006472243394704506
2019-10-02,0.012416350475819378,0.00355109434234338
2019-10-03,0.007416610089532331,0.002891656370449689
2019-10-04,-0.009162390105433155,0.0028697110271248293
2019-10-07,-0.005928881055076569,0.004819499159818271
2019-10-08,-0.0006633651326753868,0.003871228127924365
2019-10-09,-0.007265531144969592,0.00481703584978317
2019-10-10,-0.004608345761525766,0.0034743384238125436
2019-10-11,-0.0016449826478771704,0.003173393421988488
2019-10-14,0.0065854323061722,0.0033133099960412685
2019-10-15,0.011217542852152656,0.0035137946850592777
2019-10-16,0.014805361937780254,0.00236213460001157
2019-10-17,0.013598994417849255,0.0018998182506385153
2019-10-18,0.005745701908197001,0.0005723593828554029
2019-10-21,0.0004922089186682308,0.0004269256285567957
2019-10-22,0.00016406358120009244,0.0004269256285567957
2019-10-23,0.0001632512273393169,0.0004216946228459896
2019-10-24,-0.004730469861692629,0.0003291259800580841
2019-10-25,0.0009816979267982364,0.0003291259800580841
2019-10-28,-0.006747328135368702,0.0003291259800580841
2019-10-29,-0.003450309838061902,0.0005361675380317033
2019-10-30,-0.003926091772414707,0.00023974973520568709
2019-10-31,-0.005903602142189732,0.0004216946228459896
2019-11-01,-0.006398236983193483,0.0004818251018399962
2019-11-04,0.0018146799679150964,0.0006907050301632747
2019-11-05,0.0018087748553149562,0.0006912101761752964
2019-11-06,0.005231391841245423,0.0004621746479094481
2019-11-07,0.008353207749957216,0.0005839546538358201
2019-11-08,0.009337499390631068,0.0005910940136507632
2019-11-11,0.016023942587380553,0.0008646132936697922
2019-11-12,0.01143430900820176,0.0005691028751457058
2019-11-13,0.006176828003344277,0.0005009999031207334
2019-11-14,0.0014668758308123448,0.0004938605433057904
2019-11-15,-0.0004893189974957105,0.00042575757128081787
2019-11-18,-0.00455215536453663,0.00042575757128081787
2019-11-19,0.004860658312481186,0.0003869323160695327
2019-11-20,0.0050109435561955734,0.0007677273002235454
2019-11-21,0.009724525040547183,0.0006744454235542051
2019-11-22,0.013610063646529023,0.0006744454235542051
2019-11-25,0.010858254068899294,0.0006070866716234171
2019-11-26,0.009330856509357595,0.0006070866716234171
2019-11-27,0.006589012908733155,0.0006070866716234171
2019-11-29,0.010748449974088373,0.0006070866716234171
2019-12-02,0.009290501362193013,0.0006070866716234171
2019-12-03,0.007707159809764324,0.0006070866716234171
2019-12-04,0.0025587707172953266,0.0006070866716234171
2019-12-05,0.0020801842266981114,0.0010790126128506392
2019-12-06,0.0017536969504870319,0.0010790126128506392
2019-12-09,0.004454330886639283,0.0010790126128506392
2019-12-10,0.0060596750900490355,0.0010790126128506392
2019-12-11,0.003030041819748852,0.0010790126128506392
2019-12-12,0.00922835527456872,0.0010790126128506392
2019-12-13,0.005084213395583961,0.0009393726979563587
2019-12-16,-0.002702030833677536,0.0010790126128506392
2019-12-17,0.0001589431912424922,0.0010790126128506392
2019-12-18,0.0027033805606869084,0.0010790126128506392
2019-12-19,0.0017406541444225895,0.0010333311057395946
2019-12-20,-0.0028566962764886143,0.0011121892835484514
2019-12-23,0.002384512846625955,0.0011121892835484514
